{"entity": "kay", "timestamp": 1775073296.1672878, "dominant_band": "alpha", "coherence": 0.36013449983527873, "band_power": {"delta": 0.06474487109059296, "theta": 0.1294894605566453, "alpha": 0.38692294281114065, "beta": 0.2775254184130937, "gamma": 0.1413173071285275}, "x": -153.0, "y": 1.8737096026954503e-14, "connection": {"total": 0.148888207535246, "longing": 0.0, "active_bonds": ["Re"]}}