{"entity": "reed", "timestamp": 1775073294.1574795, "dominant_band": "gamma", "coherence": 0.5930890382556081, "band_power": {"delta": 3.7855001547791563e-06, "theta": 0.04202532109391753, "alpha": 0.0006802551683972522, "beta": 0.0669798967340867, "gamma": 0.8903107415034437}, "x": 0.0, "y": 0.0}